<?xml version="1.0" encoding="UTF-8"?>
     
     
          <serviceModel xmlns="http://www.metasolv.com/ServiceActivation/2003/ServiceModel">
     <atomicService xmlns:ns0="http://www.w3.org/2001/XMLSchema-instance" ns0:type="ConnectionHandlerServiceType">
          <reservedMap>
               <vendor>PROTOCOM</vendor>
               <type>MAINS</type>
               <version>2-0</version>
               <implementation>com.mslv.activation.cartridge.protocom.mains.x2_0.ConnectionHandler</implementation>
          </reservedMap>
     </atomicService>
</serviceModel>
     
