<?xml version="1.0" encoding="UTF-8"?>
<ejb-jar 
	xmlns="http://java.sun.com/xml/ns/javaee" 
	xmlns:xsi="http://www.w3.org/2001/XMLSchema-instance"
	xsi:schemaLocation="http://java.sun.com/xml/ns/javaee http://java.sun.com/xml/ns/javaee/ejb-jar_3_0.xsd"
  	version="3.0" >
  <enterprise-beans>
	<message-driven>
	  <ejb-name>OSMUIMMessageListener</ejb-name>
	  <ejb-class>oracle.communications.osm.uim.mdb.OSMUIMMessageListener</ejb-class>
	  <transaction-type>Container</transaction-type>
	  <!-- <activation-config>
		<activation-config-property>
		  <activation-config-property-name>destinationType</activation-config-property-name>
		  <activation-config-property-value>javax.jms.Queue</activation-config-property-value>
		</activation-config-property>
	  </activation-config>  -->
    </message-driven>
  </enterprise-beans>
  <assembly-descriptor>
  <container-transaction>
   <method>
    <ejb-name>OSMUIMMessageListener</ejb-name>
    <method-name>*</method-name>
   </method>
   <trans-attribute>Required</trans-attribute>
  </container-transaction>
 </assembly-descriptor>
</ejb-jar>
