<?xml version="1.0" encoding="UTF-8"?>
<weblogic-ejb-jar xmlns="http://xmlns.oracle.com/weblogic/weblogic-ejb-jar" xmlns:j2ee="http://java.sun.com/xml/ns/j2ee" xmlns:xsi="http://www.w3.org/2001/XMLSchema-instance" xsi:schemaLocation="http://java.sun.com/xml/ns/javaee http://java.sun.com/xml/ns/javaee/ejb-jar_3_0.xsd http://xmlns.oracle.com/weblogic/weblogic-ejb-jar http://xmlns.oracle.com/weblogic/weblogic-ejb-jar/1.2/weblogic-ejb-jar.xsd"> 
  <weblogic-enterprise-bean>
      <ejb-name>OSMUIMMessageListener</ejb-name>
      <message-driven-descriptor>
        <pool>
          <max-beans-in-free-pool>500</max-beans-in-free-pool>
          <initial-beans-in-free-pool>5</initial-beans-in-free-pool>
        </pool>
        <destination-jndi-name>inventorySFWSRequestQueue</destination-jndi-name>
      </message-driven-descriptor>
      <transaction-descriptor>
        <trans-timeout-seconds>30</trans-timeout-seconds>
      </transaction-descriptor>
      <dispatch-policy>UIMMDB_Workmanager</dispatch-policy>
  </weblogic-enterprise-bean>
  <work-manager>
   <name>UIMMDB_Workmanager</name>
   <min-threads-constraint>
      <name>MinThreadsCount</name>
      <count>100</count>
   </min-threads-constraint>
   <max-threads-constraint>
	 <name>MaxThreadsCount</name>
	 <count>500</count>
	</max-threads-constraint>
</work-manager>
</weblogic-ejb-jar>
