<?xml version="1.0" encoding="UTF-8"?><activationConfig xmlns="http://www.metasolv.com/ServiceActivation/2003/ActivationConfig">
     <connectionPool name="PCMAINPL">
          <device name="Connection1">
               <environment>DEVELOPMENT</environment>
               <lineType>TELNET_CONNECTION</lineType>
          </device>
     </connectionPool>
     <element name="T_PROTOCOM-MAINS_2-0_HOST">
          <vendor>PROTOCOM</vendor>
          <technology>MAINS</technology>
          <softwareLoad>2-0</softwareLoad>
          <nepServerName>$NEP</nepServerName>
          <primaryPool>PCMAINPL</primaryPool>
          <maximumConnections>5</maximumConnections>
          <dropTimeout>1</dropTimeout>
          <spawnThreshold>6</spawnThreshold>
          <killThreshold>3</killThreshold>
          <routingElement name="T_PROTOCOM-MAINS_2-0_HOST"/>
          <communicationParameter>
               <label>HOST_IPADDR</label>
               <value>
                    <value>10.6.1.90</value>
               </value>
               <description>Network IP Address of the host NE.</description>
               <deviceName>COMMON_DEVICE_CFG</deviceName>
               <lineType>TELNET_CONNECTION</lineType>
          </communicationParameter>
          <communicationParameter>
               <label>PORT</label>
               <value>
                    <value>5556</value>
               </value>
               <description>Telnet service port</description>
               <deviceName>COMMON_DEVICE_CFG</deviceName>
               <lineType>TELNET_CONNECTION</lineType>
          </communicationParameter>
          <communicationParameter>
               <label>OPEN_TIMEOUT</label>
               <value>
                    <value>5</value>
               </value>
               <description>For Java only. Connection establishment timeout (in seconds).</description>
               <deviceName>COMMON_DEVICE_CFG</deviceName>
               <lineType>TELNET_CONNECTION</lineType>
          </communicationParameter>
          <communicationParameter>
               <label>READ_TIMEOUT</label>
               <value>
                    <value>5</value>
               </value>
               <description>For Java only. Timeout for the telnet read functions (in seconds).</description>
               <deviceName>COMMON_DEVICE_CFG</deviceName>
               <lineType>TELNET_CONNECTION</lineType>
          </communicationParameter>
          <communicationParameter>
               <label>RESPONSELOG</label>
               <value>
                    <value>true</value>
               </value>
               <description>Enable or Disable response logging.</description>
               <deviceName>COMMON_DEVICE_CFG</deviceName>
               <lineType>TELNET_CONNECTION</lineType>
          </communicationParameter>
          <communicationParameter>
               <label>WRITE_TIMEOUT</label>
               <value>
                    <value>5</value>
               </value>
               <description>The wait timeout period, in seconds, that ASAP waits to write to the device.</description>
               <deviceName>COMMON_DEVICE_CFG</deviceName>
               <lineType>TELNET_CONNECTION</lineType>
          </communicationParameter>
          <description>T_PROTOCOM-MAINS_2-0_HOST</description>
     </element>
</activationConfig>
