<?xml version = '1.0' encoding = 'UTF-8'?>
<mds:customization version="11.1.1.59.23" xmlns:mds="http://xmlns.oracle.com/mds">
   <mds:insert after="service-description" parent="service">
      <af:inputText xmlns:af="http://xmlns.oracle.com/adf/faces/rich" readOnly="true" shortDesc="#{bundle['ServiceSummaryu002ejsffODO__Service_customerId_TOOLTIP']}" secret="false" label="#{bundle['ServiceSummaryu002ejsffODO__Service_customerId_LABEL']}" id="service-customerId" value="#{pageFlowScope.ServiceSummaryBean.characteristicsMap['customerId'].characteristic.value}" required="false" styleClass="UIHintsSummaryINPUT_TEXT"/>
   </mds:insert>
   <mds:insert after="service-specification" parent="service">
      <af:panelLabelAndMessage xmlns:af="http://xmlns.oracle.com/adf/faces/rich" id="service-dummy-3-1" label=" " styleClass="UIHintsSummaryPANEL_LABEL_AND_MESSAGE">
         <af:outputText xmlns:af="http://xmlns.oracle.com/adf/faces/rich" id="x-service-dummy-3-1" value=" "/>
      </af:panelLabelAndMessage>
   </mds:insert>
   <mds:modify element="service">
      <mds:attribute name="rows" value="4"/>
      <mds:attribute name="maxColumns" value="2"/>
      <mds:attribute name="labelAlignment" value="start"/>
      <mds:attribute name="styleClass" value="UIHintsSummaryPANEL_FORM_LAYOUT"/>
   </mds:modify>
   <mds:modify element="service-lmd">
      <mds:attribute name="rendered" value="false"/>
      <mds:attribute name="styleClass" value="UIHintsSummaryPANEL_LABEL_AND_MESSAGE"/>
   </mds:modify>
   <mds:modify element="service-crd">
      <mds:attribute name="rendered" value="false"/>
      <mds:attribute name="styleClass" value="UIHintsSummaryPANEL_LABEL_AND_MESSAGE"/>
   </mds:modify>
   <mds:modify element="service-lmu">
      <mds:attribute name="rendered" value="false"/>
      <mds:attribute name="styleClass" value="UIHintsSummaryPANEL_LABEL_AND_MESSAGE"/>
   </mds:modify>
   <mds:modify element="service-cru">
      <mds:attribute name="rendered" value="false"/>
      <mds:attribute name="styleClass" value="UIHintsSummaryPANEL_LABEL_AND_MESSAGE"/>
   </mds:modify>
   <mds:modify element="service-specification">
      <mds:attribute name="styleClass" value="UIHintsSummaryPANEL_LABEL_AND_MESSAGE"/>
   </mds:modify>
   <mds:modify element="service-adminstate">
      <mds:attribute name="styleClass" value="UIHintsSummaryPANEL_LABEL_AND_MESSAGE"/>
   </mds:modify>
   <mds:modify element="service-statusdate">
      <mds:attribute name="styleClass" value="UIHintsSummaryPANEL_LABEL_AND_MESSAGE"/>
   </mds:modify>
   <mds:modify element="service-id">
      <mds:attribute name="styleClass" value="UIHintsSummaryPANEL_LABEL_AND_MESSAGE"/>
   </mds:modify>
   <mds:modify element="service-name">
      <mds:attribute name="styleClass" value="UIHintsSummaryPANEL_LABEL_AND_MESSAGE"/>
   </mds:modify>
   <mds:modify element="service-description">
      <mds:attribute name="styleClass" value="invSummaryPanelLabelAndMessage UIHintsSummaryPANEL_LABEL_AND_MESSAGE"/>
   </mds:modify>
</mds:customization>
