<?xml version = '1.0' encoding = 'UTF-8'?>
<mds:customization version="11.1.1.59.23" xmlns:mds="http://xmlns.oracle.com/mds">
   <mds:insert after="service-id" parent="service">
      <af:inputText xmlns:af="http://xmlns.oracle.com/adf/faces/rich" binding="#{pageFlowScope.ServiceEditBean.characteristicsMap['customerId'].component}" readOnly="false" shortDesc="#{bundle['ServiceEditu002ejsffODO__Service_customerId_TOOLTIP']}" secret="false" label="#{bundle['ServiceEditu002ejsffODO__Service_customerId_LABEL']}" id="service-customerId" value="#{pageFlowScope.ServiceEditBean.characteristicsMap['customerId'].characteristic.value}" required="false" styleClass="UIHintsEditINPUT_TEXT"/>
   </mds:insert>
   <mds:insert after="service-description" parent="service">
      <af:panelLabelAndMessage xmlns:af="http://xmlns.oracle.com/adf/faces/rich" id="service-dummy-2-1" label=" " styleClass="UIHintsEditPANEL_LABEL_AND_MESSAGE">
         <af:outputText xmlns:af="http://xmlns.oracle.com/adf/faces/rich" id="x-service-dummy-2-1" value=" "/>
      </af:panelLabelAndMessage>
   </mds:insert>
   <mds:modify element="service">
      <mds:attribute name="rows" value="3"/>
      <mds:attribute name="maxColumns" value="2"/>
      <mds:attribute name="labelAlignment" value="start"/>
      <mds:attribute name="styleClass" value="UIHintsEditPANEL_FORM_LAYOUT"/>
   </mds:modify>
   <mds:modify element="service-lmd">
      <mds:attribute name="rendered" value="false"/>
      <mds:attribute name="styleClass" value="UIHintsEditPANEL_LABEL_AND_MESSAGE"/>
   </mds:modify>
   <mds:modify element="service-crd">
      <mds:attribute name="rendered" value="false"/>
      <mds:attribute name="styleClass" value="UIHintsEditPANEL_LABEL_AND_MESSAGE"/>
   </mds:modify>
   <mds:modify element="service-lmu">
      <mds:attribute name="rendered" value="false"/>
      <mds:attribute name="styleClass" value="UIHintsEditPANEL_LABEL_AND_MESSAGE"/>
   </mds:modify>
   <mds:modify element="service-cru">
      <mds:attribute name="rendered" value="false"/>
      <mds:attribute name="styleClass" value="UIHintsEditPANEL_LABEL_AND_MESSAGE"/>
   </mds:modify>
   <mds:modify element="service-specification">
      <mds:attribute name="styleClass" value="UIHintsEditSELECT_ONE_CHOICE"/>
   </mds:modify>
   <mds:modify element="service-id">
      <mds:attribute name="styleClass" value="UIHintsEditINPUT_TEXT"/>
   </mds:modify>
   <mds:modify element="service-name">
      <mds:attribute name="styleClass" value="UIHintsEditINPUT_TEXT"/>
   </mds:modify>
   <mds:modify element="service-description">
      <mds:attribute name="styleClass" value="UIHintsEditINPUT_TEXT"/>
   </mds:modify>
</mds:customization>
