<taskAutomator>
	<pluginJndiName>ActivationTask.OSMCreateOrder</pluginJndiName>
	<ejbName>ActivationTask.OSMCreateOrder</ejbName>
	<className>com.mslv.oms.automation.plugin.XSLTSender</className>
	<runAs>%{DEFAULT_AUTOMATION_USER}</runAs>          
	<cartridgeNamespace>@cartridgeNamespace@</cartridgeNamespace>
    <cartridgeVersion>@cartridgeVersion@</cartridgeVersion>    
	<receive xsi:type="am:InternalReceiver">
		<mnemonic>ActivationTask</mnemonic>
 		<executionModes>do</executionModes>
	</receive>	
	
	<implement xsi:type="am:XsltSender">
		<to>
			<jndiName>%{ACTIVATION_OSSJ_REQUEST_QUEUE}</jndiName>
			<destinationType>javax.jms.Queue</destinationType>
		</to>
		<replyTo>
			<jndiName>%{ACTIVATION_RESPONSE_QUEUE}</jndiName>
			<destinationType>javax.jms.Queue</destinationType>
		</replyTo>
		<am:sendNullMessage>true</am:sendNullMessage>
		<am:script>
			<am:resource>resources/CreateOrderByValueRequest.xsl</am:resource>
			<am:cache>
				<am:maxSize>50</am:maxSize>
				<am:timeout>60000</am:timeout>
			</am:cache>
		</am:script>
	</implement>    			
</taskAutomator><taskAutomator>
	<pluginJndiName>ActivationTask.CompleteOrder</pluginJndiName>
	<ejbName>ActivationTask.CompleteOrder</ejbName>
	<className>com.mslv.oms.automation.plugin.XSLTReceiver</className>
	<runAs>%{DEFAULT_AUTOMATION_USER}</runAs>          
	<cartridgeNamespace>@cartridgeNamespace@</cartridgeNamespace>
    <cartridgeVersion>@cartridgeVersion@</cartridgeVersion>    
	<receive xsi:type="am:ExternalReceiver">
		<jmsSource>
			<from>
				<jndiName>%{ACTIVATION_EVENT_TOPIC}</jndiName>
				<destinationType>javax.jms.Queue</destinationType>				
			</from>
			<messagePropertySelector>OSS_EVENT_TYPE = 'javax.oss.order.OrderStateChangeEvent'</messagePropertySelector>			
		</jmsSource>	
		<correlation xsi:type="MessagePropertyCorrelation">
			<property>OSS_ORDER_PRIMARY_KEY</property>
		</correlation>	
	</receive>
	
	<implement xsi:type="am:XsltAutomator">
		<am:script>
			<am:resource>resources/CompleteOrderEvent.xsl</am:resource>
			<am:cache>
				<am:maxSize>50</am:maxSize>
				<am:timeout>60000</am:timeout>
			</am:cache>
		</am:script>
		<am:updateOrder>false</am:updateOrder>
	</implement>    			
</taskAutomator><taskAutomator>
	<pluginJndiName>ActivationTask.StartOrder</pluginJndiName>
	<ejbName>ActivationTask.StartOrder</ejbName>
	<className>com.mslv.oms.automation.plugin.XSLTSender</className>
	<runAs>%{DEFAULT_AUTOMATION_USER}</runAs>          
	<cartridgeNamespace>@cartridgeNamespace@</cartridgeNamespace>
    <cartridgeVersion>@cartridgeVersion@</cartridgeVersion>    
	<receive xsi:type="am:ExternalReceiver">
		<jmsSource>
			<from>
				<jndiName>%{ACTIVATION_RESPONSE_QUEUE}</jndiName>
				<destinationType>javax.jms.Queue</destinationType>				
			</from>
			<messagePropertySelector>OSS_EVENT_TYPE = 'sa:createOrderByValueResponse'</messagePropertySelector>			
		</jmsSource>	
		<correlation xsi:type="MessagePropertyCorrelation">
			<property>OSS_ORDER_PRIMARY_KEY</property>
		</correlation>	
	</receive>
	
	<implement xsi:type="am:XsltSender">
		<to>
			<jndiName>%{ACTIVATION_OSSJ_REQUEST_QUEUE}</jndiName>
			<destinationType>javax.jms.Queue</destinationType>
		</to>
		<replyTo>
			<jndiName>%{ACTIVATION_RESPONSE_QUEUE}</jndiName>
			<destinationType>javax.jms.Queue</destinationType>
		</replyTo>
		<am:sendNullMessage>true</am:sendNullMessage>
		<am:script>
			<am:resource>resources/StartOrderRequest.xsl</am:resource>
			<am:cache>
				<am:maxSize>50</am:maxSize>
				<am:timeout>60000</am:timeout>
			</am:cache>
		</am:script>
	</implement>    			
</taskAutomator>