<automationMap xmlns="http://www.metasolv.com/OMS/AutomationMap/2001/11/23" xmlns:am="http://www.metasolv.com/OMS/AutomationMap/2001/11/23" xmlns:db="http://www.metasolv.com/Provisioning/database/DatabasePlugin/2006/02/28" xmlns:xsi="http://www.w3.org/2001/XMLSchema-instance" xsi:schemaLocation="http://www.metasolv.com/OMS/AutomationMap/2001/11/23 ./automationMap.xsd http://www.metasolv.com/Provisioning/database/DatabasePlugin/2006/02/28 ./databasePlugin.xsd ">
<taskAutomator>
	<pluginJndiName>ActivationTask.OSMCreateOrder</pluginJndiName>
	<ejbName>ActivationTask.OSMCreateOrder</ejbName>
	<className>com.mslv.oms.automation.plugin.XSLTSender</className>
	<runAs>%{DEFAULT_AUTOMATION_USER}</runAs>          
	<cartridgeNamespace>OSMDemo</cartridgeNamespace>
    <cartridgeVersion>1.0.0.0.0</cartridgeVersion>    
	<receive xsi:type="am:InternalReceiver">
		<mnemonic>ActivationTask</mnemonic>
 		<executionModes>do</executionModes>
	</receive>	
	
	<implement xsi:type="am:XsltSender">
		<to>
			<jndiName>%{ACTIVATION_OSSJ_REQUEST_QUEUE}</jndiName>
			<destinationType>javax.jms.Queue</destinationType>
		</to>
		<replyTo>
			<jndiName>%{ACTIVATION_RESPONSE_QUEUE}</jndiName>
			<destinationType>javax.jms.Queue</destinationType>
		</replyTo>
		<am:sendNullMessage>true</am:sendNullMessage>
		<am:script>
			<am:resource>resources/CreateOrderByValueRequest.xsl</am:resource>
			<am:cache>
				<am:maxSize>50</am:maxSize>
				<am:timeout>60000</am:timeout>
			</am:cache>
		</am:script>
	</implement>    			
</taskAutomator><taskAutomator>
	<pluginJndiName>ActivationTask.CompleteOrder</pluginJndiName>
	<ejbName>ActivationTask.CompleteOrder</ejbName>
	<className>com.mslv.oms.automation.plugin.XSLTReceiver</className>
	<runAs>%{DEFAULT_AUTOMATION_USER}</runAs>          
	<cartridgeNamespace>OSMDemo</cartridgeNamespace>
    <cartridgeVersion>1.0.0.0.0</cartridgeVersion>    
	<receive xsi:type="am:ExternalReceiver">
		<jmsSource>
			<from>
				<jndiName>%{ACTIVATION_EVENT_TOPIC}</jndiName>
				<destinationType>javax.jms.Queue</destinationType>				
			</from>
			<messagePropertySelector>OSS_EVENT_TYPE = 'javax.oss.order.OrderStateChangeEvent'</messagePropertySelector>			
		</jmsSource>	
		<correlation xsi:type="MessagePropertyCorrelation">
			<property>OSS_ORDER_PRIMARY_KEY</property>
		</correlation>	
	</receive>
	
	<implement xsi:type="am:XsltAutomator">
		<am:script>
			<am:resource>resources/CompleteOrderEvent.xsl</am:resource>
			<am:cache>
				<am:maxSize>50</am:maxSize>
				<am:timeout>60000</am:timeout>
			</am:cache>
		</am:script>
		<am:updateOrder>false</am:updateOrder>
	</implement>    			
</taskAutomator><taskAutomator>
	<pluginJndiName>ActivationTask.StartOrder</pluginJndiName>
	<ejbName>ActivationTask.StartOrder</ejbName>
	<className>com.mslv.oms.automation.plugin.XSLTSender</className>
	<runAs>%{DEFAULT_AUTOMATION_USER}</runAs>          
	<cartridgeNamespace>OSMDemo</cartridgeNamespace>
    <cartridgeVersion>1.0.0.0.0</cartridgeVersion>    
	<receive xsi:type="am:ExternalReceiver">
		<jmsSource>
			<from>
				<jndiName>%{ACTIVATION_RESPONSE_QUEUE}</jndiName>
				<destinationType>javax.jms.Queue</destinationType>				
			</from>
			<messagePropertySelector>OSS_EVENT_TYPE = 'sa:createOrderByValueResponse'</messagePropertySelector>			
		</jmsSource>	
		<correlation xsi:type="MessagePropertyCorrelation">
			<property>OSS_ORDER_PRIMARY_KEY</property>
		</correlation>	
	</receive>
	
	<implement xsi:type="am:XsltSender">
		<to>
			<jndiName>%{ACTIVATION_OSSJ_REQUEST_QUEUE}</jndiName>
			<destinationType>javax.jms.Queue</destinationType>
		</to>
		<replyTo>
			<jndiName>%{ACTIVATION_RESPONSE_QUEUE}</jndiName>
			<destinationType>javax.jms.Queue</destinationType>
		</replyTo>
		<am:sendNullMessage>true</am:sendNullMessage>
		<am:script>
			<am:resource>resources/StartOrderRequest.xsl</am:resource>
			<am:cache>
				<am:maxSize>50</am:maxSize>
				<am:timeout>60000</am:timeout>
			</am:cache>
		</am:script>
	</implement>    			
</taskAutomator><taskAutomator>
	<pluginJndiName>InventoryTask.CaptureBIReceiverTask</pluginJndiName>
	<ejbName>InventoryTask.CaptureBIReceiverTask</ejbName>
	<className>oracle.communications.ordermanagement.automation.plugin.XQueryReceiver</className>
	<runAs>%{DEFAULT_AUTOMATION_USER}</runAs>          
	<cartridgeNamespace>OSMDemo</cartridgeNamespace>
    <cartridgeVersion>1.0.0.0.0</cartridgeVersion>    
	<receive xsi:type="am:ExternalReceiver">
		<jmsSource>
			<from>
				<jndiName>%{INVENTORY_RESPONSE_QUEUE}</jndiName>
				<destinationType>javax.jms.Queue</destinationType>				
			</from>			
		</jmsSource>	
		<correlation xsi:type="MessagePropertyCorrelation">
			<property>JMSCorrelationID</property>
		</correlation>	
	</receive>
	
	<implement xsi:type="am:XqueryAutomator">
		<am:script>
			<am:resource>resources/SoapResponseHandler.xquery</am:resource>
			<am:cache>
				<am:maxSize>50</am:maxSize>
				<am:timeout>60000</am:timeout>
			</am:cache>
		</am:script>
		<am:updateOrder>false</am:updateOrder>
	</implement>    			
</taskAutomator><taskAutomator>
	<pluginJndiName>InventoryTask.CaptureBISenderTask</pluginJndiName>
	<ejbName>InventoryTask.CaptureBISenderTask</ejbName>
	<className>oracle.communications.ordermanagement.automation.plugin.XQuerySender</className>
	<runAs>%{DEFAULT_AUTOMATION_USER}</runAs>          
	<cartridgeNamespace>OSMDemo</cartridgeNamespace>
    <cartridgeVersion>1.0.0.0.0</cartridgeVersion>    
	<receive xsi:type="am:InternalReceiver">
		<mnemonic>InventoryTask</mnemonic>
 		<executionModes>do</executionModes>
	</receive>	
	
	<implement xsi:type="am:XquerySender">
		<to>
			<jndiName>%{INVENTORY_CAPTURE_REQUEST_QUEUE}</jndiName>
			<destinationType>javax.jms.Queue</destinationType>
		</to>
		<replyTo>
			<jndiName>%{INVENTORY_RESPONSE_QUEUE}</jndiName>
			<destinationType>javax.jms.Queue</destinationType>
		</replyTo>
		<am:sendNullMessage>true</am:sendNullMessage>
		<am:script>
			<am:resource>resources/SoapRequestHandler.xquery</am:resource>
			<am:cache>
				<am:maxSize>50</am:maxSize>
				<am:timeout>60000</am:timeout>
			</am:cache>
		</am:script>
	</implement>    			
</taskAutomator>


</automationMap>