<taskAutomator>
	<pluginJndiName>InventoryTask.CaptureBIReceiverTask</pluginJndiName>
	<ejbName>InventoryTask.CaptureBIReceiverTask</ejbName>
	<className>oracle.communications.ordermanagement.automation.plugin.XQueryReceiver</className>
	<runAs>%{DEFAULT_AUTOMATION_USER}</runAs>          
	<cartridgeNamespace>@cartridgeNamespace@</cartridgeNamespace>
    <cartridgeVersion>@cartridgeVersion@</cartridgeVersion>    
	<receive xsi:type="am:ExternalReceiver">
		<jmsSource>
			<from>
				<jndiName>%{INVENTORY_RESPONSE_QUEUE}</jndiName>
				<destinationType>javax.jms.Queue</destinationType>				
			</from>			
		</jmsSource>	
		<correlation xsi:type="MessagePropertyCorrelation">
			<property>JMSCorrelationID</property>
		</correlation>	
	</receive>
	
	<implement xsi:type="am:XqueryAutomator">
		<am:script>
			<am:resource>resources/SoapResponseHandler.xquery</am:resource>
			<am:cache>
				<am:maxSize>50</am:maxSize>
				<am:timeout>60000</am:timeout>
			</am:cache>
		</am:script>
		<am:updateOrder>false</am:updateOrder>
	</implement>    			
</taskAutomator><taskAutomator>
	<pluginJndiName>InventoryTask.CaptureBISenderTask</pluginJndiName>
	<ejbName>InventoryTask.CaptureBISenderTask</ejbName>
	<className>oracle.communications.ordermanagement.automation.plugin.XQuerySender</className>
	<runAs>%{DEFAULT_AUTOMATION_USER}</runAs>          
	<cartridgeNamespace>@cartridgeNamespace@</cartridgeNamespace>
    <cartridgeVersion>@cartridgeVersion@</cartridgeVersion>    
	<receive xsi:type="am:InternalReceiver">
		<mnemonic>InventoryTask</mnemonic>
 		<executionModes>do</executionModes>
	</receive>	
	
	<implement xsi:type="am:XquerySender">
		<to>
			<jndiName>%{INVENTORY_CAPTURE_REQUEST_QUEUE}</jndiName>
			<destinationType>javax.jms.Queue</destinationType>
		</to>
		<replyTo>
			<jndiName>%{INVENTORY_RESPONSE_QUEUE}</jndiName>
			<destinationType>javax.jms.Queue</destinationType>
		</replyTo>
		<am:sendNullMessage>true</am:sendNullMessage>
		<am:script>
			<am:resource>resources/SoapRequestHandler.xquery</am:resource>
			<am:cache>
				<am:maxSize>50</am:maxSize>
				<am:timeout>60000</am:timeout>
			</am:cache>
		</am:script>
	</implement>    			
</taskAutomator>