<?xml version="1.0" encoding="UTF-8"?>
<cartridge namespace="OSMDemo" version="1.0.0.0.0" 
    xsi:schemaLocation="http://www.metasolv.com/OMS/OrderModel/2002/06/25" 
    xmlns:xsi="http://www.w3.org/2001/XMLSchema-instance" 
    xmlns:xi="http://www.w3.org/2001/XInclude" 
    xmlns="http://www.metasolv.com/OMS/OrderModel/2002/06/25"    
    xmlns:model="http://xmlns.oracle.com/communications/ordermanagement/model">	
		<description>OSMDemo</description>
		<default>true</default>
		<timestamp>2007-02-01T21:31:09</timestamp>
		<state name="accepted">
		   	<description>Accepted</description>
		</state>
		<state name="assigned">
		   	<description>Assigned</description>
		</state>
		<state name="received">
		   	<description>Received</description>
		</state>
		<state name="completed">
		   	<description>Completed</description>
		</state> 
 		<status name="all_subprocess_threads_complete">
		   	<description>N/A</description>
		   	<allowableConstraintViolationSeverity>CRITICAL</allowableConstraintViolationSeverity>
		</status>
 		<status name="finish">
		   	<description>Finish</description>
		   	<allowableConstraintViolationSeverity>WARNING</allowableConstraintViolationSeverity>
		</status>
 		<status name="inventory_fail">
		   	<description>Inventory_fail</description>
		   	<allowableConstraintViolationSeverity>WARNING</allowableConstraintViolationSeverity>
		</status>
 		<status name="failure">
		   	<description>Failure</description>
		   	<allowableConstraintViolationSeverity>WARNING</allowableConstraintViolationSeverity>
		</status>
 		<status name="next">
		   	<description>Next</description>
		   	<allowableConstraintViolationSeverity>WARNING</allowableConstraintViolationSeverity>
		</status>
 		<status name="back">
		   	<description>Back</description>
		   	<allowableConstraintViolationSeverity>WARNING</allowableConstraintViolationSeverity>
		</status>
 		<status name="cancel">
		   	<description>Cancel</description>
		   	<allowableConstraintViolationSeverity>WARNING</allowableConstraintViolationSeverity>
		</status>
 		<status name="activation_fail">
		   	<description>Activation_fail</description>
		   	<allowableConstraintViolationSeverity>WARNING</allowableConstraintViolationSeverity>
		</status>
 		<status name="success">
		   	<description>Success</description>
		   	<allowableConstraintViolationSeverity>WARNING</allowableConstraintViolationSeverity>
		</status>
 		<xi:include href="task/ActivationTask.xml"/>
 		<xi:include href="task/ActivationTask_view.xml"/>
 		
 		
 		<xi:include href="task/osmCreationTask.xml"/>
 		<xi:include href="task/osmCreationTask_view.xml"/>
 		
 		
 		<xi:include href="task/InventoryTask.xml"/>
 		<xi:include href="task/InventoryTask_view.xml"/>
 		
 			
		<task name="start1" xsi:type="ruleTaskType">
			<description>start1</description>
			<state>completed</state>
			<state>received</state>
			<status>true</status>
	   		<condition>null_rule</condition>
			<compensationStrategy>
				<onTaskReevaluate>redo</onTaskReevaluate>
			</compensationStrategy>
		</task>
 	 	<xi:include href="process/osmProcess.xml"/>
 	 	
        
		<xi:include href="dataDictionary.xml"/>
		<xi:include href="masterOrderTemplate.xml"/>		
 		<xi:include href="orderLifecyclePolicy/osmPolicy.xml"/>
 		<xi:include href="order/osmOrder.xml"/>
 		<xi:include href="order/osmOrder_orderType.xml"/>
	 	<xi:include href="order/osmOrder_orderSource.xml"/>
		<workgroup name="admin">
	   		
	 	
				<permissions>
			
 				<orderEntry>
        			<orderType>osmOrder</orderType>
		     	   <orderSource>osmOrder</orderSource>
				</orderEntry>
 	 			<task executionModes="do">ActivationTask</task>
      			<task>osmCreationTask</task>
 	 			<task executionModes="do">InventoryTask</task>
   			</permissions>
		</workgroup>
        <notification name="InventoryTask_inventoryJeopardy" xsi:type="orderThreadSpecificNotificationType">
             <description>inventoryJeopardy</description>
             <priority>1</priority>
             <enabled>true</enabled>
        	
			<condition>null_rule</condition>
			
             <notifyRole>admin</notifyRole>
             <start>2017-11-01T11:06:03</start>
             <hourlyRecurrence>
                <hours>0</hours>
                <minutes>10</minutes>
             </hourlyRecurrence>         
             <task>InventoryTask</task>
             <taskDuration>P0Y0M0DT0H5M0S</taskDuration>
        	<orderType>osmOrder</orderType>
            <orderSource>osmOrder</orderSource>        	
        </notification>
        
        <xi:include href="orchestrationModel/OSMDemo.xml"/>
      <model:resource name="OSMDemo" namespace="OSMDemo">
         <model:description>resource files</model:description>
         <model:location>resources/resources.zip</model:location>
      </model:resource>
      <model:xmlCatalog name="OSMDemo" namespace="OSMDemo">
         <model:description>xml catalogs</model:description>
         <model:location>xmlCatalogs/catalogs.zip</model:location>
      </model:xmlCatalog>         
</cartridge>


