<?xml version="1.0" encoding="UTF-8"?>
			
<orderDefinition xsi:schemaLocation="http://www.metasolv.com/OMS/OrderModel/2002/06/25" xmlns:xsi="http://www.w3.org/2001/XMLSchema-instance" xmlns="http://www.metasolv.com/OMS/OrderModel/2002/06/25">	
	<orderType>osmOrder</orderType>
	<orderSource>osmOrder</orderSource>
	<orderStatePolicy>osmPolicy</orderStatePolicy> 
	<name>osmOrder</name>
	<description>osmOrder order entry task</description>	
	<orderTemplate>
		<orderData>/customerID</orderData>


	</orderTemplate>
	<entryView>osmCreationTask</entryView>
	<defaultProcess>osmProcess</defaultProcess>

	
	<workgroupView>
	  <workgroup>admin</workgroup>
	  <view>InventoryTask</view>
	</workgroupView>
	

	<taskView>
		<task>ActivationTask</task>
		<view>ActivationTask</view>		
	</taskView>
	<taskView>
		<task>osmCreationTask</task>
		<view>osmCreationTask</view>		
	</taskView>
	<taskView>
		<task>InventoryTask</task>
		<view>InventoryTask</view>		
	</taskView>
</orderDefinition>
