<?xml version="1.0" encoding="UTF-8"?>
<model xsi:schemaLocation="http://www.metasolv.com/OMS/OrderModel/2002/06/25" targetNamespace="http://www.change-me.com/change/me/2001" xmlns:xsi="http://www.w3.org/2001/XMLSchema-instance" xmlns:xi="http://www.w3.org/2001/XInclude" xmlns="http://www.metasolv.com/OMS/OrderModel/2002/06/25">
	<schemaVersion>6.2.0</schemaVersion>
	<version>
		<label>7.2.2</label>
		<majorVersion>1.0</majorVersion>
	</version>
	
	<xi:include href="workgroup/admin.xml"/>
	<xi:include href="model/OSMDemo.xml"/>	
</model>