<?xml version="1.0" encoding="UTF-8"?>
<process xmlns="http://www.metasolv.com/OMS/OrderModel/2002/06/25" name="osmProcess" workstream="false">
  <description>osmProcess</description>
  <expectedDuration>P0Y0M0DT0H0M86400S</expectedDuration>
  <startActivity>InventoryTask</startActivity>
  <activity name="ActivationTask">
    <task>ActivationTask</task>
    <description>ActivationTask</description>
    <inputType>ANY</inputType>
    <processHistorySummary>true</processHistorySummary>
  </activity>
  <activity name="InventoryTask">
    <task>InventoryTask</task>
    <description>InventoryTask</description>
    <inputType>ANY</inputType>
    <processHistorySummary>true</processHistorySummary>
  </activity>
  <transition>
    <from>
      <activity>InventoryTask</activity>
      <status>success</status>
    </from>
    <to>ActivationTask</to>
    <mandatoryCheck>false</mandatoryCheck>
  </transition>
</process>