<?xml version="1.0" encoding="UTF-8"?>
<cheatsheet
      title="Verify Provisioning Entities">
  <intro>
      <description>
          This cheat sheet guides you through the provisioning entities created by the design pattern.

          After you build the cartridge, there will be a build error because the order has not had any data assigned to it. Open the order editor and add data to the order to fix this error.
      </description>
   </intro>
   <item
         skip="true"
         title="Verify Role: admin">
      <description>
		The role created by the design pattern has all of the permissions selected by default.
      </description>
	  <command
            required="false"
            serialization="org.eclipse.ui.navigate.openResource(filePath=/OSMDemo/model/admin.rolePermissions)"/>
   </item>
   <item
   		 skip="true"
         title="Verify Order: osmOrder">
     <description>
		Select the <b>Details</b> tab on the order to see the values for <b>LifeCyclePolicy</b>,<b> Default Process</b>, and <b>Creation Task</b> that have been populated. 
	      <br/><br/>Select the <b>Amendable</b> tab to view or set whether the order can be amended. If the order is amendable, before you can deploy the cartridge you must define a <b>Key</b> value in this tab for the order to be created successfully.  You <i>must</i> replace the default value of <b>true()</b> in the <b>Expression</b> field with an XPath expression pointing to the data value on the order that is used to match the amendment order with the existing OSM order.
	      <br/><br/>The <b>Role</b> that has been created and assigned to the order is shown in the <b>Permissions</b> tab.
      </description>
	  <command
            required="false"
            serialization="org.eclipse.ui.navigate.openResource(filePath=/OSMDemo/model/osmOrder.order)"/>
        </item>
    <item
         skip="true"
         title="Verify Order Lifecycle Policy: osmPolicy">
      <description>
		By default, the following transitions are enabled:
                <br/><b>Completed &gt; Update Order,</b> 
                <br/><b>In Progress &gt; Raise Exception,</b> 
                <br/><b>In Progress &gt; Update Order,</b> 
                <br/><b>Not Started &gt; Delete Order,</b> 
                <br/><b>Not Started &gt; Update Order</b>
      </description>
	  <command
            required="false"
            serialization="org.eclipse.ui.navigate.openResource(filePath=/OSMDemo/model/osmPolicy.orderPolicy)"/>
   </item>
      <item
         skip="true"
         title="Verify Task: osmCreationTask">
      <description>
		This manual task is used as the creation task for the order. The role is assigned to the task in the <b>Permissions</b> tab. After you have added data to the order, you should add data to the creation task as well.
	 </description>
	 <command
            required="false"
            serialization="org.eclipse.ui.navigate.openResource(filePath=/OSMDemo/model/osmCreationTask.manualTask)"/>
   </item>
    <item
		 skip="true"	
         title="Verify Process: osmProcess">
      <description>
		This process is used as the base process for the order. The design pattern creates the empty process, which you need to build according to your business needs.
      </description>
	  <command
            required="false"
            serialization="org.eclipse.ui.navigate.openResource(filePath=/OSMDemo/model/osmProcess.process)"/>
   </item>
</cheatsheet>
