<?xml version="1.0" encoding="UTF-8"?>
<com:modelEntity xmlns:xsi="http://www.w3.org/2001/XMLSchema-instance" xmlns="http://xmlns.oracle.com/communications/sce/osm/model/cartridge" xmlns:cart="http://xmlns.oracle.com/communications/sce/osm/model/cartridge" xmlns:com="http://www.mslv.com/studio/core/model/common" xmlns:prov="http://xmlns.oracle.com/communications/sce/osm/model/provisioning" xsi:type="provisioningCartridgeType" name="OSMDemo">
  <com:displayName lang="[default]">OSMDemo</com:displayName>
  <com:saveVersion>24</com:saveVersion>
  <com:id>---G9oU7--+Mbc9g---vDw</com:id>
  <com:provider>OSM Cartridge Provider</com:provider>
  <com:version>
    <com:major>1</com:major>
    <com:minor>0</com:minor>
    <com:maintenance>0</com:maintenance>
    <com:servicePack>0</com:servicePack>
    <com:eFix>0</com:eFix>
  </com:version>
  <com:targetApplicationVersion>
    <com:major>7</com:major>
    <com:minor>2</com:minor>
    <com:maintenance>2</com:maintenance>
  </com:targetApplicationVersion>
  <com:sealed>false</com:sealed>
  <com:deploymentList displayName="Orders" includeAll="true" relationship="com.mslv.studio.provisioning.cartridge.packageActions">
    <com:modelID>com.mslv.studio.provisioning.order</com:modelID>
    <com:elementLocationName>model</com:elementLocationName>
  </com:deploymentList>
  <com:deploymentList displayName="Java Libraries" includeAll="true" relationship="com.mslv.studio.provisioning.cartridge.packageLibrary">
    <com:extension>jar</com:extension>
    <com:elementLocationName>lib</com:elementLocationName>
  </com:deploymentList>
  <com:deploymentList displayName="Resources" includeAll="true" relationship="com.mslv.studio.provisioning.cartridge.packageResources">
    <com:extension>*</com:extension>
    <com:elementLocationName>resources</com:elementLocationName>
  </com:deploymentList>
  <com:propertyCategory name="Cartridge Management">
    <com:property name="PURGE_CARTRIDGE_BEFORE_DEPLOY">
      <com:defaultValue>false</com:defaultValue>
    </com:property>
    <com:property name="ENTITY_CONFLICT_ACTION_ON_DEPLOY">
      <com:defaultValue>replace</com:defaultValue>
    </com:property>
    <com:property name="PURGE_ORDER_ON_UNDEPLOY">
      <com:defaultValue>true</com:defaultValue>
    </com:property>
    <com:property name="FAST_CARTRIDGE_UNDEPLOY">
      <com:defaultValue>true</com:defaultValue>
    </com:property>
  </com:propertyCategory>
  <com:propertyCategory name="Model">
    <com:property name="DEFAULT_AUTOMATION_USER">
      <com:defaultValue>oms-automation</com:defaultValue>
    </com:property>
    <com:property name="DEFAULT_REQUEST_QUEUE">
      <com:defaultValue>osm_event</com:defaultValue>
    </com:property>
    <com:property name="DEFAULT_RESPONSE_QUEUE">
      <com:defaultValue>osm_event</com:defaultValue>
    </com:property>
    <com:property name="DEFAULT_MESSAGE_PROPERTY_SELECTOR">
      <com:defaultValue>MESSAGE_NAME = ''</com:defaultValue>
    </com:property>
    <com:property name="ACTIVATION_ENVIRONMENT_ID">
      <com:defaultValue>ENV1</com:defaultValue>
    </com:property>
    <com:property name="INVENTORY_CAPTURE_REQUEST_QUEUE">
      <com:defaultValue>inventorySFWSRequestQueue</com:defaultValue>
    </com:property>
    <com:property name="INVENTORY_RESPONSE_QUEUE">
      <com:defaultValue>inventorySFWSResponseQueue</com:defaultValue>
    </com:property>
    <com:property name="ACTIVATION_RESPONSE_QUEUE">
      <com:defaultValue>asap.activationResponseQueue</com:defaultValue>
    </com:property>
    <com:property name="ACTIVATION_OSSJ_REQUEST_QUEUE">
      <com:defaultValue>asap.activationOssjRequestQueue</com:defaultValue>
    </com:property>
    <com:property name="ACTIVATION_EVENT_TOPIC">
      <com:defaultValue>asap.activationEventTopic</com:defaultValue>
    </com:property>
  </com:propertyCategory>
  <com:copyright>/*==============================================================================================================&#xD;
* Copyright (c) 2017, Oracle and/or its affiliates. All rights reserved. 
* &#xD;
 * This sample file, which has been provided by Oracle Corporation as part of an Oracle(R) product for use &#xD;
 * ONLY by licensed users of the product, includes CONFIDENTIAL and PROPRIETARY information of Oracle&#xD;
* Corporation.&#xD;
* &#xD;
 * This material is the confidential property of Oracle Corporation or its licensors and may be used, &#xD;
 * reproduced, stored, or transmitted only in accordance with a valid Oracle license or sublicense &#xD;
 * agreement.&#xD;
*&#xD;
* USE OF THIS SOFTWARE IS GOVERNED BY THE TERMS AND CONDITIONS OF THE LICENSE&#xD;
* AGREEMENT AND LIMITED WARRANTY FURNISHED WITH THE PRODUCT.&#xD;
* &#xD;
 * IN PARTICULAR, YOU WILL INDEMNIFY AND HOLD ORACLE CORPORATION, ITS RELATED COMPANIES AND ITS SUPPLIERS, &#xD;
 * HARMLESS FROM AND AGAINST ANY CLAIMS OR LIABILITIES ARISING OUT OF THE USE, REPRODUCTION, OR DISTRIBUTION &#xD;
 * OF YOUR PROGRAMS, INCLUDING ANY CLAIMS OR LIABILITIES ARISING OUT OF OR RESULTING FROM THE USE, &#xD;
 * MODIFICATION, OR DISTRIBUTION OF PROGRAMS OR FILES CREATED FROM, BASED ON, AND/OR DERIVED FROM THIS &#xD;
 * SAMPLE SOURCE CODE FILE.&#xD;
* =============================================================================================================*/</com:copyright>
  <com:license>Usage of this software product is governed by the&#xD;
terms and conditions of the software license agreement &#xD;
between your company and Oracle.  &#xD;
Use of this software product in any manner&#xD;
inconsistent with such software license agreement would&#xD;
be considered a violation of the agreement.  Also, use of &#xD;
this Software by unauthorized persons is a violation of &#xD;
applicable copyright laws.</com:license>
  <com:dependencyViolationErrorLevel>error</com:dependencyViolationErrorLevel>
  <activationEnvID></activationEnvID>
  <activationResponseQueue></activationResponseQueue>
  <cacheMaxSize>50</cacheMaxSize>
  <cacheTimeout>60</cacheTimeout>
</com:modelEntity>