<?xml version='1.0' encoding='UTF-8'?>
<hudson.plugins.emailext.ExtendedEmailPublisherDescriptor plugin="email-ext@2.58">
  <smtpAuthUsername>rakshit.simha@oracle.com</smtpAuthUsername>
  <smtpAuthPassword>{AQAAABAAAAAQdfa8Wk+hibF6/wFUreY9AzNY/XUcFS+EZ0cZlfvC+LQ=}</smtpAuthPassword>
  <smtpHost>stbeehive.oracle.com</smtpHost>
  <useSsl>true</useSsl>
  <charset>UTF-8</charset>
  <defaultContentType>text/plain</defaultContentType>
  <defaultSubject>$PROJECT_NAME - Build # $BUILD_NUMBER - $BUILD_STATUS!</defaultSubject>
  <defaultBody>$PROJECT_NAME - Build # $BUILD_NUMBER - $BUILD_STATUS:&#xd;
&#xd;
Check console output at $BUILD_URL to view the results.</defaultBody>
  <defaultPresendScript></defaultPresendScript>
  <defaultPostsendScript></defaultPostsendScript>
  <defaultClasspath/>
  <defaultTriggerIds>
    <string>hudson.plugins.emailext.plugins.trigger.FailureTrigger</string>
  </defaultTriggerIds>
  <maxAttachmentSize>-1</maxAttachmentSize>
  <recipientList>rakshit.simha@oracle.com</recipientList>
  <defaultReplyTo></defaultReplyTo>
  <excludedCommitters></excludedCommitters>
  <overrideGlobalSettings>true</overrideGlobalSettings>
  <precedenceBulk>false</precedenceBulk>
  <debugMode>false</debugMode>
  <requireAdminForTemplateTesting>false</requireAdminForTemplateTesting>
  <enableWatching>false</enableWatching>
</hudson.plugins.emailext.ExtendedEmailPublisherDescriptor>