<?xml version='1.0' encoding='UTF-8'?>
<hudson.scm.CVSSCM_-DescriptorImpl plugin="cvs@2.13">
  <generation>1</generation>
  <compressionLevel>3</compressionLevel>
  <privateKeyLocation>/var/lib/jenkins/.ssh/id_rsa</privateKeyLocation>
  <privateKeyPassword>{AQAAABAAAAAQXe2qUMrA2BO9vUgtY3Jns94VTbA0PkPkpoOplPdxoEU=}</privateKeyPassword>
  <knownHostsLocation>/var/lib/jenkins/.ssh/known_hosts</knownHostsLocation>
  <authTokens/>
  <changelogEncoding>UTF-8</changelogEncoding>
</hudson.scm.CVSSCM_-DescriptorImpl>