<?xml version="1.0" encoding="UTF-8"?>
<activationModel name="ProtocomMAINS_2_0_X_R1_0_0" xmlns="http://www.metasolv.com/ServiceActivation/2003/ActivationModel" xmlns:xsi="http://www.w3.org/2001/XMLSchema-instance">
    <name>ProtocomMAINS_2_0_X_R1_0_0</name>
    <description> (b19)</description>
    <version><label>1.0.0.0.0</label></version>
    <component>
        <serviceModel>model/SUBSCRIBER-RB-UPSTREAM/A_PROTOCOM-MAINS_2-0_MOD_SUBSCRIBER-RB-UPSTREAM.xml</serviceModel>
    </component>
    <component>
        <serviceModel>model/SUBSCRIBER-RB/A_PROTOCOM-MAINS_2-0_QRY_SUBSCRIBER-RB.xml</serviceModel>
    </component>
    <component>
        <serviceModel>model/SUBSCRIBER-RB/A_PROTOCOM-MAINS_2-0_MOD_SUBSCRIBER-RB.xml</serviceModel>
    </component>
    <component>
        <serviceModel>model/SUBSCRIBER/A_PROTOCOM-MAINS_2-0_QRY_SUBSCRIBER.xml</serviceModel>
    </component>
    <component>
        <serviceModel>model/SUBSCRIBER/A_PROTOCOM-MAINS_2-0_MOD_SUBSCRIBER.xml</serviceModel>
    </component>
    <component>
        <serviceModel>model/SUBSCRIBER/A_PROTOCOM-MAINS_2-0_DEL_SUBSCRIBER.xml</serviceModel>
    </component>
    <component>
        <serviceModel>model/SUBSCRIBER/C_PROTOCOM-MAINS_2-0_QRY_SUBSCRIBER.xml</serviceModel>
    </component>
    <component>
        <serviceModel>model/SUBSCRIBER/C_PROTOCOM-MAINS_2-0_MOD_SUBSCRIBER.xml</serviceModel>
    </component>
    <component>
        <serviceModel>model/SUBSCRIBER/C_PROTOCOM-MAINS_2-0_DEL_SUBSCRIBER.xml</serviceModel>
    </component>
    <component>
        <serviceModel>model/CONNECTIONHANDLERS/PROTOCOM_MAINS_2-0_CONNECTION_HANDLER.xml</serviceModel>
    </component>
    <component>
        <serviceModel>model/USERDEFINEDEXITTYPES/PROTOCOM_MAINS_2-0_USER_DEFINED_EXIT_TYPES.xml</serviceModel>
    </component>
    <component>
        <javaProvisioningFile>
            <jarFile>lib/ProtocomMAINS_2_0_X_R1_0_0.jar</jarFile>
        </javaProvisioningFile>
    </component>
    <role name="administrator">
        <description>System Administrator</description>
    </role>
</activationModel>
