<?xml version="1.0" encoding="UTF-8"?>
<com:modelEntity xmlns:xsi="http://www.w3.org/2001/XMLSchema-instance" xmlns="http://www.mslv.com/studio/activation/model/module" xmlns:mod="http://www.mslv.com/studio/activation/model/module" xmlns:com="http://www.mslv.com/studio/core/model/common" xsi:type="ModuleType" name="ProtocomMAINS_2_0_X_R1_0_0">
  <com:displayName></com:displayName>
  <com:saveVersion>4</com:saveVersion>
  <com:id>XHUarR5Z--+xS1wm--+B1Q</com:id>
  <com:testComponents displayName="Test Work Orders" includeAll="true" relationship="com.mslv.studio.activation.module.testWorkOrder">
    <com:modelID>com.mslv.studio.activation.test.activationTestCase</com:modelID>
  </com:testComponents>
  <com:version>
    <com:major>1</com:major>
    <com:minor>0</com:minor>
    <com:maintenance>0</com:maintenance>
    <com:servicePack>0</com:servicePack>
    <com:eFix>0</com:eFix>
    <com:build>0</com:build>
  </com:version>
  <com:targetApplicationVersion>
    <com:major>7</com:major>
    <com:minor>2</com:minor>
    <com:maintenance>0</com:maintenance>
  </com:targetApplicationVersion>
  <com:sealed>false</com:sealed>
  <com:propertyCategory name="Cartridge Management">
    <com:property name="RESTART_ASAP_SERVERS">
      <com:defaultValue>FALSE</com:defaultValue>
    </com:property>
  </com:propertyCategory>
  <com:dependencies>
    <com:minVersion inclusive="true"></com:minVersion>
    <com:maxVersion inclusive="false"></com:maxVersion>
    <com:projectRef>
      <com:entity>ActivationRoutingDictionary</com:entity>
      <com:entityType>ddCartridge</com:entityType>
      <com:relationship>unknown</com:relationship>
    </com:projectRef>
  </com:dependencies>
  <com:dependencyViolationErrorLevel>error</com:dependencyViolationErrorLevel>
  <serviceType>networkCartridge</serviceType>
  <vendor>Activation Cartridge Provider</vendor>
  <licenceText></licenceText>
  <moduleDetails>
    <deviceDetails>
      <deviceName>Protocom MAINS 2.0</deviceName>
      <deviceDescription></deviceDescription>
      <vendor>PROTOCOM</vendor>
      <technology>MAINS</technology>
      <softwareLoad>2-0</softwareLoad>
    </deviceDetails>
  </moduleDetails>
  <buildLocation>
    <name>src</name>
    <location>src</location>
  </buildLocation>
  <defaultImplementationPackage>com.mslv.activation.cartridge</defaultImplementationPackage>
  <serviceActionDeploymentList/>
  <networkActionDeploymentList/>
  <networkElementDeploymentList/>
  <networkElementTemplateList/>
  <dynamicRouteDeploymentList/>
  <dnRoutingDeploymentList/>
  <userDefinedExitTypeDeploymentList/>
  <eventTemplateDeploymentList/>
  <connectionHandlerDeploymentList/>
  <libraryDeploymentList/>
  <sourceDeploymentList/>
  <testDeploymentList/>
  <shellScriptDeploymentList/>
  <SQLScriptDeploymentList/>
  <PLSQLScriptDeploymentList/>
  <stateTableDeploymentList/>
  <documentationDeploymentList/>
  <miscDeploymentList/>
  <activationPlatform>7.2.0</activationPlatform>
</com:modelEntity>