<?xml version="1.0" encoding="UTF-8"?>
     
     <serviceModel xmlns="http://www.metasolv.com/ServiceActivation/2003/ServiceModel">
     <userDefinedExitType>
          <neDescriptor>
               <softwareLoad>2-0</softwareLoad>
               <technology>MAINS</technology>
               <neVendor>PROTOCOM</neVendor>
          </neDescriptor>
          <searchPattern>0000</searchPattern>
          <userType>SUCCESSFUL_TRANS</userType>
          <baseType>SUCCEED</baseType>
          <description>The transaction is Successful.</description>
     </userDefinedExitType>
     <userDefinedExitType>
          <neDescriptor>
               <softwareLoad>2-0</softwareLoad>
               <technology>MAINS</technology>
               <neVendor>PROTOCOM</neVendor>
          </neDescriptor>
          <searchPattern>0001</searchPattern>
          <userType>INV_DATA_VALUE</userType>
          <baseType>FAIL</baseType>
          <description>Invalid data value sent on change.</description>
     </userDefinedExitType>
     <userDefinedExitType>
          <neDescriptor>
               <softwareLoad>2-0</softwareLoad>
               <technology>MAINS</technology>
               <neVendor>PROTOCOM</neVendor>
          </neDescriptor>
          <searchPattern>0002</searchPattern>
          <userType>INV_VALUE</userType>
          <baseType>FAIL</baseType>
          <description>Invalid value sent on change.</description>
     </userDefinedExitType>
     <userDefinedExitType>
          <neDescriptor>
               <softwareLoad>2-0</softwareLoad>
               <technology>MAINS</technology>
               <neVendor>PROTOCOM</neVendor>
          </neDescriptor>
          <searchPattern>0003</searchPattern>
          <userType>NO_MOBILE_NO_PRESENT</userType>
          <baseType>FAIL</baseType>
          <description>No mobile number present for query service.</description>
     </userDefinedExitType>
     <userDefinedExitType>
          <neDescriptor>
               <softwareLoad>2-0</softwareLoad>
               <technology>MAINS</technology>
               <neVendor>PROTOCOM</neVendor>
          </neDescriptor>
          <searchPattern>0005</searchPattern>
          <userType>INV_PDU_FORMAT</userType>
          <baseType>FAIL</baseType>
          <description>Invalid PDU format.</description>
     </userDefinedExitType>
     <userDefinedExitType>
          <neDescriptor>
               <softwareLoad>2-0</softwareLoad>
               <technology>MAINS</technology>
               <neVendor>PROTOCOM</neVendor>
          </neDescriptor>
          <searchPattern>0099</searchPattern>
          <userType>UNKNOWN_ERR</userType>
          <baseType>FAIL</baseType>
          <description>Unknown error has occured.</description>
     </userDefinedExitType>
     <userDefinedExitType>
          <neDescriptor>
               <softwareLoad>2-0</softwareLoad>
               <technology>MAINS</technology>
               <neVendor>PROTOCOM</neVendor>
          </neDescriptor>
          <searchPattern>IO_EXCEPTION</searchPattern>
          <userType>IO_EXCEPTION</userType>
          <baseType>FAIL</baseType>
          <description>IOException occured.</description>
     </userDefinedExitType>
     <userDefinedExitType>
          <neDescriptor>
               <softwareLoad>2-0</softwareLoad>
               <technology>MAINS</technology>
               <neVendor>PROTOCOM</neVendor>
          </neDescriptor>
          <searchPattern>GEN_JAVA_EXCEPTION.*</searchPattern>
          <userType>GEN_JAVA_EXCEPTION</userType>
          <baseType>FAIL</baseType>
          <description>General Java Exception occured.</description>
     </userDefinedExitType>
     <userDefinedExitType>
          <neDescriptor>
               <softwareLoad>2-0</softwareLoad>
               <technology>MAINS</technology>
               <neVendor>PROTOCOM</neVendor>
          </neDescriptor>
          <searchPattern>PROV_CARTRIDGE_EXCEPTION.*</searchPattern>
          <userType>PROV_CART_EXCEPTION</userType>
          <baseType>FAIL</baseType>
          <description>Provisioning Cartridge Exception occured.</description>
     </userDefinedExitType>
     <userDefinedExitType>
          <neDescriptor>
               <softwareLoad>2-0</softwareLoad>
               <technology>MAINS</technology>
               <neVendor>PROTOCOM</neVendor>
          </neDescriptor>
          <searchPattern>NO_UDET_MATCH</searchPattern>
          <userType>NO_UDET_MATCH</userType>
          <baseType>FAIL</baseType>
          <description>User Defined Exit Type does not match with NE Response.</description>
     </userDefinedExitType>
     <userDefinedExitType>
          <neDescriptor>
               <softwareLoad>2-0</softwareLoad>
               <technology>MAINS</technology>
               <neVendor>PROTOCOM</neVendor>
          </neDescriptor>
          <searchPattern>0004</searchPattern>
          <userType>NO_DOES_NOT_EXIST</userType>
          <baseType>FAIL</baseType>
          <description>Number does not exist.</description>
     </userDefinedExitType>
     <userDefinedExitType>
          <neDescriptor>
               <softwareLoad>2-0</softwareLoad>
               <technology>MAINS</technology>
               <neVendor>PROTOCOM</neVendor>
          </neDescriptor>
          <searchPattern>READ_TIMEOUT_EXCEP.*</searchPattern>
          <userType>READ_TIMEOUT_EXCEP</userType>
          <baseType>RETRY</baseType>
          <description>Read Time Out Exception occured.</description>
     </userDefinedExitType>
</serviceModel>
     
     
     
     
     
     
     
     
     
     
     
